timestamp,load_cell_raw,cup_ticks,cup_delta
1761823981.8620071,0.1133
1761823981.867261,0.2184
1761823981.871933,0.3224
1761823981.876988,0.4217
1761823981.881971,0.5173
1761823981.886976,0.6132
1761823981.8919082,0.7043
1761823981.896953,0.7946
1761823981.901952,0.884
1761823981.906927,0.9694
1761823981.911909,1.047
1761823981.91692,1.1254
1761823981.921901,1.206
1761823981.9269152,1.2867
1761823981.931901,1.3654
1761823981.936905,1.4442
1761823981.941903,1.5175
1761823981.946919,1.5871
1761823981.951926,1.6588
1761823981.9569569,1.7246
1761823981.961927,1.7831
1761823981.966922,1.8396
1761823981.9719071,1.8901
1761823981.976928,1.9374
1761823981.981923,1.9872
1761823981.986961,2.035
1761823981.99195,2.0802
1761823981.99696,2.1278
1761823982.002005,2.1719
1761823982.007023,2.2176
1761823982.011959,2.2669
1761823982.016958,2.3146
1761823982.0219772,2.3544
1761823982.026978,2.3943
1761823982.031927,2.4313
1761823982.036927,2.4715
1761823982.041941,2.5137
1761823982.046973,2.5527
1761823982.0519779,2.5912
1761823982.0570838,2.6277
1761823982.0619771,2.66
1761823982.066945,2.6872
1761823982.071946,2.7158
1761823982.076988,2.7473
1761823982.081984,2.779
1761823982.087005,2.8116
1761823982.092,2.8412
1761823982.096975,2.8672
1761823982.1019258,2.894
1761823982.1070368,2.9208
1761823982.111956,2.9433
1761823982.117043,2.962
1761823982.121975,2.9805
1761823982.127889,2.9992
1761823982.132902,3.0166
1761823982.13789,3.0357
1761823982.1428769,3.0579
1761823982.1478841,3.0785
1761823982.1529028,3.0955
1761823982.157949,3.1104
1761823982.162903,3.1222
1761823982.167913,3.1371
1761823982.172899,3.1506
1761823982.1778939,3.1658
1761823982.1829078,3.1785
1761823982.1878898,3.1875
1761823982.192918,3.1985
1761823982.197906,3.2089
1761823982.2028959,3.2212
1761823982.207896,3.2379
1761823982.212903,3.2522
1761823982.217904,3.2645
1761823982.2229152,3.2748
1761823982.2279308,3.2876
1761823982.2329228,3.2954
1761823982.237927,3.3012
1761823982.242912,3.3082
1761823982.247911,3.3138
1761823982.252906,3.3194
1761823982.257917,3.3239
1761823982.2629151,3.3305
1761823982.267909,3.3361
1761823982.272937,3.3413
1761823982.277916,3.3423
1761823982.282922,3.3412
1761823982.2878962,3.343
1761823982.29292,3.3496
1761823982.2979379,3.3537
1761823982.302929,3.3575
1761823982.3079739,3.3592
1761823982.312939,3.3628
1761823982.317937,3.3697
1761823982.322922,3.3766
1761823982.327927,3.384
1761823982.3329222,3.3901
1761823982.3379252,3.3996
1761823982.342952,3.4092
1761823982.3480241,3.4195
1761823982.353015,3.4291
1761823982.3579788,3.4361
1761823982.362978,3.4411
1761823982.367936,3.4445
1761823982.372959,3.4448
1761823982.377996,3.4479
1761823982.38297,3.4522
1761823982.388004,3.4643
1761823982.392999,3.474
1761823982.397961,3.4873
1761823982.402926,3.4956
1761823982.408014,3.5054
1761823982.41296,3.5112
1761823982.418011,3.5161
1761823982.422984,3.5206
1761823982.4280121,3.5246
1761823982.4329731,3.5293
1761823982.437946,3.5306
1761823982.4429781,3.5312
1761823982.448899,3.5299
1761823982.453891,3.53
1761823982.458901,3.5284
1761823982.463891,3.5232
1761823982.468885,3.5236
1761823982.4739058,3.5271
1761823982.4788969,3.5332
1761823982.4839091,3.5387
1761823982.488896,3.5462
1761823982.493908,3.5527
1761823982.498892,3.5595
1761823982.503902,3.5657
1761823982.508916,3.5778
1761823982.513937,3.5899
1761823982.518912,3.6002
1761823982.52393,3.6092
1761823982.528919,3.6162
1761823982.5339751,3.6212
1761823982.5389178,3.6249
1761823982.543945,3.6266
1761823982.5489101,3.6279
1761823982.553982,3.6299
1761823982.558899,3.6305
1761823982.563995,3.6311
1761823982.568918,3.6357
1761823982.573935,3.6399
1761823982.578934,3.6434
1761823982.583924,3.6485
1761823982.5890071,3.6534
1761823982.593933,3.6573
1761823982.598921,3.659
1761823982.60394,3.6664
1761823982.608932,3.6807
1761823982.6139588,3.6936
1761823982.618995,3.6995
1761823982.623991,3.7023
1761823982.629,3.7095
1761823982.6339478,3.7124
1761823982.638929,3.7152
1761823982.6440058,3.7192
1761823982.64897,3.7235
1761823982.6539562,3.7287
1761823982.659007,3.7363
1761823982.66401,3.7432
1761823982.6690161,3.7511
1761823982.674036,3.7546
1761823982.6790311,3.7539
1761823982.684145,3.7554
1761823982.6889842,3.7586
1761823982.694051,3.7646
1761823982.698974,3.7689
1761823982.7040992,3.7791
1761823982.7090292,3.7874
1761823982.7140229,3.7941
1761823982.7190342,3.8009
1761823982.7240598,3.8059
1761823982.728974,3.8113
1761823982.733946,3.8167
1761823982.7389288,3.8209
1761823982.744017,3.8213
1761823982.7490509,3.8191
1761823982.754056,3.8146
1761823982.7590652,3.8063
1761823982.7640169,3.8019
1761823982.7698932,3.8011
1761823982.774935,3.8001
1761823982.779935,3.7987
1761823982.7849002,3.7993
1761823982.7899148,3.801
1761823982.7949162,3.8063
1761823982.799903,3.8075
1761823982.8049002,3.8086
1761823982.809945,3.8102
1761823982.81492,3.8118
1761823982.8199239,3.8145
1761823982.824955,3.8149
1761823982.8299441,3.8159
1761823982.8349319,3.8135
1761823982.839951,3.8115
1761823982.844921,3.808
1761823982.84991,3.8059
1761823982.8549151,3.8048
1761823982.859924,3.8074
1761823982.864918,3.8098
1761823982.869924,3.8075
1761823982.874933,3.8015
1761823982.879925,3.7993
1761823982.884918,3.7919
1761823982.8900008,3.791
1761823982.8949382,3.791
1761823982.89993,3.7898
1761823982.904911,3.7892
1761823982.9099772,3.788
1761823982.914944,3.7846
1761823982.919934,3.7809
1761823982.924934,3.7728
1761823982.929933,3.7649
1761823982.935004,3.7599
1761823982.939975,3.7559
1761823982.9450629,3.7569
1761823982.9500082,3.7608
1761823982.955067,3.7635
1761823982.960035,3.7691
1761823982.965013,3.7767
1761823982.969981,3.788
1761823982.975014,3.7973
1761823982.9799712,3.8059
1761823982.98494,3.8115
1761823982.990008,3.814
1761823982.9950159,3.8171
1761823982.9999738,3.8183
1761823983.00495,3.819
1761823983.009993,3.8234
1761823983.014946,3.8268
1761823983.019951,3.8197
1761823983.024996,3.8165
1761823983.0299652,3.8139
1761823983.0349472,3.8139
1761823983.039949,3.8162
1761823983.044956,3.818
1761823983.04997,3.8136
1761823983.0549371,3.8116
1761823983.059971,3.8097
1761823983.064995,3.8095
1761823983.069943,3.8118
1761823983.074989,3.8169
1761823983.079963,3.8195
1761823983.084961,3.8232
1761823983.0909,3.8248
1761823983.095902,3.8232
1761823983.1008892,3.822
1761823983.105885,3.8232
1761823983.110921,3.8227
1761823983.115903,3.8227
1761823983.1209211,3.8264
1761823983.1259189,3.8298
1761823983.1309152,3.8332
1761823983.135909,3.8395
1761823983.140933,3.848
1761823983.1459122,3.8559
1761823983.150914,3.8606
1761823983.15596,3.8687
1761823983.160927,3.8703
1761823983.16592,3.8736
1761823983.170926,3.8757
1761823983.175939,3.8732
1761823983.180925,3.8707
1761823983.18591,3.8709
1761823983.190927,3.8704
1761823983.195925,3.8673
1761823983.200923,3.8645
1761823983.205963,3.8624
1761823983.210955,3.8642
1761823983.216887,3.868
1761823983.220928,3.8702
1761823983.225954,3.87
1761823983.230929,3.8715
1761823983.235939,3.876
1761823983.2409759,3.8846
1761823983.2460082,3.8939
1761823983.2510011,3.9043
1761823983.255998,3.9081
1761823983.2609978,3.9055
1761823983.2660081,3.9016
1761823983.2709708,3.897
1761823983.275979,3.8978
1761823983.2809532,3.9002
1761823983.2859468,3.9023
1761823983.291033,3.9055
1761823983.296021,3.906
1761823983.300951,3.9027
1761823983.3060071,3.8984
1761823983.311012,3.888
1761823983.315951,3.8772
1761823983.320978,3.8686
1761823983.3263192,3.8582
1761823983.330993,3.8515
1761823983.335968,3.8541
1761823983.340998,3.8549
1761823983.345988,3.8574
1761823983.350964,3.8599
1761823983.355967,3.8626
1761823983.361001,3.8633
1761823983.365937,3.8654
1761823983.370987,3.8675
1761823983.3759859,3.8736
1761823983.380959,3.8782
1761823983.385973,3.8832
1761823983.390979,3.8851
1761823983.396035,3.8874
1761823983.40095,3.8925
1761823983.4069068,3.9001
1761823983.411893,3.9068
1761823983.416898,3.9095
1761823983.421896,3.9118
1761823983.426943,3.9125
1761823983.43199,3.917
1761823983.436904,3.9192
1761823983.4419022,3.9246
1761823983.446976,3.9308
1761823983.4519098,3.9349
1761823983.456956,3.9336
1761823983.4619122,3.9322
1761823983.466932,3.9338
1761823983.471942,3.934
1761823983.476931,3.9379
1761823983.481919,3.94
1761823983.486929,3.9394
1761823983.491924,3.9431
1761823983.496928,3.9453
1761823983.501924,3.9445
1761823983.506957,3.9414
1761823983.511928,3.936
1761823983.516924,3.9329
1761823983.521926,3.9331
1761823983.526958,3.9341
1761823983.53194,3.936
1761823983.536952,3.9398
1761823983.5419462,3.9381
1761823983.546939,3.9393
1761823983.5519428,3.9404
1761823983.5570219,3.9417
1761823983.562013,3.9373
1761823983.5669491,3.9324
1761823983.5719528,3.9302
1761823983.576961,3.9297
1761823983.581967,3.9323
1761823983.586941,3.9376
1761823983.5920079,3.9404
1761823983.596971,3.9433
1761823983.6019468,3.9475
1761823983.607023,3.9486
1761823983.612055,3.9461
1761823983.6169531,3.9415
1761823983.622017,3.9358
1761823983.627002,3.9297
1761823983.631995,3.9304
1761823983.636964,3.9323
1761823983.641995,3.9369
1761823983.6470048,3.9432
1761823983.6519868,3.9465
1761823983.656974,3.95
1761823983.6620202,3.9555
1761823983.667008,3.9584
1761823983.67199,3.9607
1761823983.6769762,3.9623
1761823983.682011,3.9654
1761823983.686954,3.9691
1761823983.692021,3.9752
1761823983.697026,3.9772
1761823983.7029178,3.9771
1761823983.707917,3.9744
1761823983.712908,3.9719
1761823983.7179039,3.9669
1761823983.722931,3.9616
1761823983.727905,3.9595
1761823983.732919,3.9589
1761823983.738027,3.9575
1761823983.742927,3.959
1761823983.747969,3.9584
1761823983.752964,3.9579
1761823983.758215,3.9572
1761823983.7629561,3.9582
1761823983.7679229,3.9632
1761823983.772939,3.9645
1761823983.777945,3.9657
1761823983.7829561,3.9693
1761823983.7879171,3.973
1761823983.792958,3.9816
1761823983.797943,3.9851
1761823983.802927,3.9847
1761823983.807937,3.9881
1761823983.812941,3.9941
1761823983.817931,4.0008
1761823983.822935,4.0063
1761823983.827934,4.0131
1761823983.8329139,4.0159
1761823983.8379269,4.0178
1761823983.842935,4.0232
1761823983.847938,4.0265
1761823983.853027,4.0273
1761823983.85795,4.0285
1761823983.8629482,4.0314
1761823983.8679612,4.0343
1761823983.872944,4.0387
1761823983.87798,4.0448
1761823983.882962,4.0506
1761823983.887955,4.054
1761823983.892997,4.0542
1761823983.897984,4.0531
1761823983.903012,4.0555
1761823983.9079812,4.0644
1761823983.912997,4.0728
1761823983.917999,4.0773
1761823983.9230158,4.0811
1761823983.928003,4.0817
1761823983.932956,4.0804
1761823983.937958,4.0764
1761823983.942962,4.0696
1761823983.948009,4.0649
1761823983.953952,4.0612
1761823983.958017,4.0529
1761823983.9630048,4.047
1761823983.967975,4.0422
1761823983.972991,4.0388
1761823983.9779782,4.0373
1761823983.982971,4.0359
1761823983.98797,4.0336
1761823983.993023,4.0332
1761823983.998027,4.0226
1761823984.003019,4.014
1761823984.008034,4.0067
1761823984.013039,4.0032
1761823984.01806,4.0008
1761823984.023041,3.999
1761823984.028042,3.9959
1761823984.0330691,3.9928
1761823984.038056,3.9915
1761823984.0430489,3.9907
1761823984.048038,3.9936
1761823984.0530298,3.9959
1761823984.058031,3.9993
1761823984.0630558,4.0036
1761823984.0689652,4.0029
1761823984.0739672,4.0027
1761823984.078937,4.0042
1761823984.0839198,4.0015
1761823984.088916,4.0011
1761823984.093981,3.9962
1761823984.098915,3.9935
1761823984.103979,3.9906
1761823984.108942,3.99
1761823984.1139252,3.9909
1761823984.118929,3.9932
1761823984.123936,4.0004
1761823984.128932,4.0105
1761823984.1339579,4.0189
1761823984.1389298,4.0233
1761823984.143944,4.0303
1761823984.148934,4.0326
1761823984.153936,4.0353
1761823984.159013,4.041
1761823984.163955,4.0454
1761823984.168939,4.0465
1761823984.173943,4.0461
1761823984.178933,4.042
1761823984.183996,4.0364
1761823984.188936,4.0329
1761823984.193963,4.034
1761823984.198942,4.034
1761823984.203941,4.0339
1761823984.208956,4.0325
1761823984.213948,4.0329
1761823984.218954,4.0341
1761823984.223953,4.0359
1761823984.228947,4.039
1761823984.23396,4.038
1761823984.2455869,4.0396
1761823984.245641,4.0435
1761823984.248974,4.0512
1761823984.2539709,4.0582
1761823984.259109,4.0629
1761823984.264042,4.0609
1761823984.2690449,4.0561
1761823984.2740102,4.05
1761823984.279037,4.0427
1761823984.2840168,4.0399
1761823984.2890701,4.0382
1761823984.2940311,4.0363
1761823984.29903,4.0359
1761823984.304014,4.0357
1761823984.309024,4.0365
1761823984.3140109,4.0408
1761823984.319045,4.0472
1761823984.3240352,4.0527
1761823984.329043,4.058
1761823984.334046,4.0605
1761823984.339006,4.0596
1761823984.344034,4.0514
1761823984.349015,4.0427
1761823984.354079,4.0337
1761823984.359023,4.0235
1761823984.3640242,4.0206
1761823984.369003,4.0165
1761823984.373986,4.0178
1761823984.3791301,4.0203
1761823984.3840141,4.0218
1761823984.3889768,4.026
1761823984.39403,4.035
1761823984.3989918,4.0358
1761823984.404007,4.0396
1761823984.409008,4.0439
1761823984.414028,4.0433
1761823984.419023,4.0439
1761823984.424014,4.0434
1761823984.429027,4.0396
1761823984.4341068,4.0358
1761823984.439002,4.0364
1761823984.444011,4.0389
1761823984.449012,4.0402
1761823984.454907,4.0363
1761823984.45992,4.0293
1761823984.464928,4.0238
1761823984.469923,4.0216
1761823984.474953,4.0172
1761823984.479947,4.0159
1761823984.4849331,4.018
1761823984.4899268,4.0153
1761823984.494932,4.0148
1761823984.499914,4.0097
1761823984.504992,4.0075
1761823984.509942,4.0056
1761823984.5149472,4.0045
1761823984.519945,4.0055
1761823984.52493,4.0064
1761823984.5299451,4.0073
1761823984.534942,4.0066
1761823984.5399601,4.0045
1761823984.544945,4.002
1761823984.549932,4.0011
1761823984.5549362,3.9969
1761823984.559944,3.992
1761823984.564933,3.9839
1761823984.5699708,3.9766
1761823984.574948,3.9712
1761823984.57999,3.9688
1761823984.584976,3.9651
1761823984.58998,3.9632
1761823984.594949,3.9615
1761823984.599991,3.9602
1761823984.604959,3.9586
1761823984.609954,3.9581
1761823984.6149619,3.961
1761823984.619953,3.9656
1761823984.624953,3.9652
1761823984.6299589,3.9652
1761823984.634944,3.9639
1761823984.63996,3.9637
1761823984.64497,3.9655
1761823984.649943,3.9666
1761823984.654966,3.9664
1761823984.660015,3.9663
1761823984.6650088,3.9698
1761823984.669982,3.9729
1761823984.675027,3.9737
1761823984.680031,3.9744
1761823984.6859698,3.9711
1761823984.690112,3.9665
1761823984.695012,3.9625
1761823984.69996,3.9579
1761823984.704971,3.951
1761823984.71001,3.9429
1761823984.714967,3.9327
1761823984.719975,3.9223
1761823984.725017,3.9155
1761823984.72999,3.9083
1761823984.734987,3.9011
1761823984.740032,3.8937
1761823984.745027,3.8854
1761823984.750008,3.8806
1761823984.754972,3.879
1761823984.759986,3.8807
1761823984.764987,3.8848
1761823984.769974,3.8852
1761823984.775,3.8941
1761823984.780024,3.9029
1761823984.784978,3.9088
1761823984.790003,3.9098
1761823984.79501,3.9075
1761823984.8000221,3.9078
1761823984.804994,3.9125
1761823984.8100312,3.9151
1761823984.8149881,3.9091
1761823984.8200052,3.9063
1761823984.825012,3.9013
1761823984.829983,3.8998
1761823984.834956,3.9006
1761823984.8399959,3.8965
1761823984.845016,3.889
1761823984.8499799,3.8804
1761823984.855967,3.8695
1761823984.860912,3.8622
1761823984.86592,3.8654
1761823984.870933,3.8666
1761823984.875938,3.8674
1761823984.880944,3.8692
1761823984.885925,3.8701
1761823984.8909461,3.8737
1761823984.895926,3.8769
1761823984.900914,3.8735
1761823984.906243,3.8674
1761823984.91093,3.8661
1761823984.9159338,3.8627
1761823984.920922,3.8605
1761823984.92592,3.8581
1761823984.93094,3.856
1761823984.9359438,3.8548
1761823984.940934,3.8575
1761823984.945947,3.8555
1761823984.950932,3.8529
1761823984.955942,3.8528
1761823984.960952,3.8534
1761823984.965924,3.8591
1761823984.971371,3.8667
1761823984.975952,3.876
1761823984.9809668,3.8841
1761823984.985936,3.892
1761823984.9909601,3.8925
1761823984.9959428,3.8928
1761823985.0009432,3.8947
1761823985.0059981,3.8982
1761823985.010963,3.9042
1761823985.015956,3.9044
1761823985.020947,3.902
1761823985.0259562,3.8991
1761823985.030946,3.8922
1761823985.035937,3.8875
1761823985.040972,3.8816
1761823985.0459578,3.877
1761823985.050944,3.8744
1761823985.0559611,3.8707
1761823985.060962,3.8662
1761823985.065964,3.8636
1761823985.071021,3.8629
1761823985.076017,3.8603
1761823985.081027,3.8585
1761823985.085974,3.8564
1761823985.091007,3.8632
1761823985.0959868,3.8706
1761823985.100968,3.88
1761823985.106024,3.8846
1761823985.1110091,3.8858
1761823985.1160378,3.8878
1761823985.121019,3.8924
1761823985.1260412,3.894
1761823985.131107,3.8945
1761823985.135966,3.8968
1761823985.141054,3.9003
1761823985.146048,3.9016
1761823985.151055,3.9019
1761823985.155989,3.899
1761823985.161047,3.8957
1761823985.166058,3.8918
1761823985.1710138,3.8947
1761823985.17606,3.8971
1761823985.181063,3.9014
1761823985.1860511,3.9042
1761823985.191069,3.9016
1761823985.196071,3.9023
1761823985.201,3.9038
1761823985.206035,3.9076
1761823985.211064,3.9124
1761823985.216083,3.913
1761823985.22108,3.9082
1761823985.226068,3.9047
1761823985.2310379,3.9037
1761823985.2360802,3.9018
1761823985.2411,3.9029
1761823985.246065,3.9028
1761823985.251022,3.9043
1761823985.255999,3.909
1761823985.261085,3.9126
1761823985.265994,3.9071
1761823985.2710469,3.9025
1761823985.276952,3.898
1761823985.281931,3.8944
1761823985.2869172,3.8943
1761823985.291934,3.894
1761823985.2969348,3.8922
1761823985.3019211,3.8898
1761823985.306954,3.8853
1761823985.311948,3.8819
1761823985.316939,3.8807
1761823985.321986,3.885
1761823985.326954,3.8901
1761823985.331952,3.894
1761823985.336921,3.894
1761823985.341933,3.8998
1761823985.346946,3.9068
1761823985.351926,3.9121
1761823985.3569632,3.9097
1761823985.361944,3.9084
1761823985.366935,3.8987
1761823985.371959,3.8982
1761823985.3769479,3.9053
1761823985.381963,3.9127
1761823985.3869681,3.9218
1761823985.391964,3.9336
1761823985.396954,3.9435
1761823985.4019399,3.9522
1761823985.406959,3.9594
1761823985.412051,3.9586
1761823985.417932,3.9562
1761823985.421961,3.9551
1761823985.42706,3.951
1761823985.4319758,3.951
1761823985.436967,3.9561
1761823985.4419641,3.962
1761823985.446974,3.9669
1761823985.45195,3.9684
1761823985.4569569,3.9659
1761823985.462028,3.9603
1761823985.4669921,3.9559
1761823985.472045,3.9554
1761823985.477088,3.9561
1761823985.48205,3.9565
1761823985.487,3.961
1761823985.492167,3.9652
1761823985.497059,3.9719
1761823985.502016,3.9812
1761823985.507048,3.9884
1761823985.5120351,3.9913
1761823985.516983,3.9963
1761823985.521985,4.0003
1761823985.527015,4.0023
1761823985.53201,4.006
1761823985.536999,4.0098
1761823985.5420318,4.0164
1761823985.547035,4.0219
1761823985.551999,4.0247
1761823985.5570428,4.0239
1761823985.562023,4.0261
1761823985.566984,4.026
1761823985.572028,4.0286
1761823985.57702,4.035
1761823985.582011,4.0423
1761823985.586984,4.0501
1761823985.5920372,4.0574
1761823985.597034,4.059
1761823985.6021702,4.0583
1761823985.607029,4.0547
1761823985.612034,4.0528
1761823985.61702,4.0536
1761823985.621988,4.0563
1761823985.6270368,4.0644
1761823985.632046,4.074
1761823985.63794,4.0823
1761823985.642951,4.0887
1761823985.647935,4.09
1761823985.6529338,4.093
1761823985.6579368,4.0973
1761823985.6629472,4.1066
1761823985.6679401,4.1105
1761823985.672975,4.1132
1761823985.678025,4.1132
1761823985.682945,4.1084
1761823985.687954,4.0994
1761823985.6929548,4.0928
1761823985.697958,4.09
1761823985.702944,4.0887
1761823985.707959,4.0914
1761823985.7129521,4.0956
1761823985.717961,4.0989
1761823985.722949,4.0973
1761823985.727957,4.0969
1761823985.732951,4.0944
1761823985.737958,4.0924
1761823985.7429519,4.0912
1761823985.747958,4.0868
1761823985.75294,4.088
1761823985.757972,4.0917
1761823985.762966,4.0892
1761823985.767947,4.0887
1761823985.773155,4.0893
1761823985.777955,4.0936
1761823985.7829618,4.0959
1761823985.787963,4.1001
1761823985.792992,4.105
1761823985.798029,4.1063
1761823985.802974,4.1106
1761823985.807992,4.1148
1761823985.813031,4.1191
1761823985.818005,4.1261
1761823985.823058,4.1303
1761823985.8280509,4.1302
1761823985.833034,4.1311
1761823985.838041,4.1361
1761823985.843019,4.1335
1761823985.8480399,4.1349
1761823985.852996,4.1395
1761823985.8580139,4.142
1761823985.863036,4.1391
1761823985.867979,4.1333
1761823985.873035,4.1243
1761823985.8780532,4.1225
1761823985.883009,4.1225
1761823985.8879738,4.1249
1761823985.8930292,4.1283
1761823985.898015,4.1332
1761823985.902987,4.1367
1761823985.908042,4.1427
1761823985.913014,4.152
1761823985.917987,4.1619
1761823985.923038,4.1666
1761823985.928024,4.1704
1761823985.932986,4.1712
1761823985.93802,4.167
1761823985.943032,4.1647
1761823985.948032,4.1607
1761823985.9529972,4.1542
1761823985.9580579,4.1503
1761823985.963061,4.1504
1761823985.9680278,4.149
1761823985.973056,4.1507
1761823985.978058,4.1522
1761823985.983087,4.1514
1761823985.988066,4.1507
1761823985.993075,4.15
1761823985.998944,4.148
1761823986.003944,4.1493
1761823986.00895,4.1528
1761823986.01396,4.1537
1761823986.01893,4.1524
1761823986.023957,4.1518
1761823986.028951,4.1465
1761823986.0339358,4.1444
1761823986.0389838,4.1478
1761823986.043954,4.1574
1761823986.048936,4.1592
1761823986.053948,4.1635
1761823986.058948,4.168
1761823986.063951,4.1698
1761823986.068961,4.1722
1761823986.073983,4.1738
1761823986.078954,4.1703
1761823986.0839639,4.1654
1761823986.088945,4.1648
1761823986.093956,4.162
1761823986.098954,4.1602
1761823986.10406,4.1621
1761823986.108973,4.1639
1761823986.1139698,4.165
1761823986.118947,4.1704
1761823986.1239731,4.1749
1761823986.128971,4.1769
1761823986.1339679,4.1813
1761823986.138963,4.1843
1761823986.1439948,4.1817
1761823986.1489642,4.1802
1761823986.153968,4.1808
1761823986.158962,4.1826
1761823986.163958,4.1828
1761823986.168975,4.1807
1761823986.173971,4.1772
1761823986.179036,4.1734
1761823986.183994,4.1708
1761823986.1890209,4.1667
1761823986.194005,4.165
1761823986.1990058,4.1626
1761823986.204086,4.1607
1761823986.2090309,4.1619
1761823986.2140422,4.1648
1761823986.2189922,4.1672
1761823986.2240279,4.17
1761823986.2290292,4.1702
1761823986.233999,4.1664
1761823986.2390919,4.1599
1761823986.244041,4.1596
1761823986.2490392,4.1592
1761823986.254006,4.1628
1761823986.259059,4.1691
1761823986.264041,4.1768
1761823986.2690141,4.1821
1761823986.274056,4.1896
1761823986.279071,4.1949
1761823986.284039,4.1989
1761823986.289013,4.2039
1761823986.29408,4.2077
1761823986.299027,4.212
1761823986.3040588,4.2181
1761823986.309081,4.2243
1761823986.314038,4.2271
1761823986.319047,4.228
1761823986.324121,4.2287
1761823986.3290749,4.2334
1761823986.334041,4.2413
1761823986.339054,4.2482
1761823986.344075,4.252
1761823986.3490078,4.2577
1761823986.354082,4.2587
1761823986.359072,4.2608
1761823986.364064,4.2675
1761823986.369053,4.2738
1761823986.374976,4.2781
1761823986.3799381,4.2848
1761823986.384938,4.2905
1761823986.389981,4.2846
1761823986.394957,4.2799
1761823986.399945,4.2749
1761823986.404952,4.2686
1761823986.4099479,4.2703
1761823986.414934,4.2708
1761823986.41994,4.2665
1761823986.4249668,4.2646
1761823986.429955,4.2639
1761823986.4349508,4.2638
1761823986.439955,4.2674
1761823986.444963,4.2649
1761823986.449965,4.2605
1761823986.454958,4.2587
1761823986.459947,4.2585
1761823986.464958,4.2604
1761823986.469959,4.2698
1761823986.474963,4.2786
1761823986.479973,4.2864
1761823986.4849641,4.2937
1761823986.489968,4.2972
1761823986.494962,4.3003
1761823986.499959,4.3014
1761823986.504967,4.2997
1761823986.5100338,4.2979
1761823986.514963,4.2983
1761823986.5199602,4.2993
1761823986.524989,4.3017
1761823986.529989,4.3016
1761823986.534969,4.3039
1761823986.539992,4.3084
1761823986.5449972,4.3159
1761823986.54996,4.3207
1761823986.554976,4.3247
1761823986.56003,4.3208
1761823986.5650518,4.316
1761823986.5700212,4.3149
1761823986.5750668,4.3147
1761823986.5800488,4.3148
1761823986.5849972,4.3156
1761823986.590049,4.3159
1761823986.595066,4.3165
1761823986.6000462,4.3201
1761823986.6049879,4.3256
1761823986.610076,4.328
1761823986.615037,4.3302
1761823986.6200461,4.3331
1761823986.6250691,4.3376
1761823986.630105,4.3388
1761823986.635051,4.3398
1761823986.640048,4.3404
1761823986.645057,4.3442
1761823986.650058,4.3493
1761823986.655078,4.3566
1761823986.660036,4.3614
1761823986.6650372,4.3678
1761823986.670059,4.3744
1761823986.675049,4.3777
1761823986.6800451,4.3807
1761823986.685002,4.385
1761823986.69004,4.3907
1761823986.695025,4.3954
1761823986.700022,4.4012
1761823986.704989,4.4031
1761823986.710099,4.4025
1761823986.715047,4.4044
1761823986.720027,4.409
1761823986.7250519,4.4121
1761823986.7300339,4.4154
1761823986.735009,4.4187
1761823986.740026,4.4166
1761823986.745942,4.4193
1761823986.750932,4.4236
1761823986.755938,4.4283
1761823986.76094,4.4408
1761823986.7659378,4.4434
1761823986.7709749,4.4453
1761823986.775948,4.4484
1761823986.780946,4.4501
1761823986.785954,4.454
1761823986.790955,4.4557
1761823986.795958,4.4517
1761823986.800961,4.447
1761823986.8059452,4.4512
1761823986.8109708,4.4535
1761823986.815944,4.4561
1761823986.823375,4.4668
1761823986.826025,4.4729
1761823986.83097,4.4719
1761823986.835978,4.4799
1761823986.840966,4.4842
1761823986.845974,4.4847
1761823986.85095,4.4879
1761823986.855964,4.488
1761823986.860977,4.4894
1761823986.86597,4.4924
1761823986.870966,4.4922
1761823986.875971,4.4918
1761823986.880987,4.4928
1761823986.885957,4.4979
1761823986.890975,4.5014
1761823986.895992,4.5021
1761823986.900975,4.5017
1761823986.905988,4.4994
1761823986.910992,4.4982
1761823986.915979,4.5018
1761823986.9209862,4.501
1761823986.9259992,4.5009
1761823986.93103,4.502
1761823986.936019,4.5041
1761823986.941034,4.5042
1761823986.946026,4.502
1761823986.951013,4.5018
1761823986.9560251,4.5004
1761823986.961029,4.4983
1761823986.966038,4.4983
1761823986.971027,4.5037
1761823986.976039,4.5079
1761823986.981051,4.5135
1761823986.9860191,4.5212
1761823986.9910579,4.5274
1761823986.996031,4.5302
1761823987.001031,4.5331
1761823987.006002,4.5332
1761823987.0110452,4.534
1761823987.016007,4.5342
1761823987.021037,4.5393
1761823987.02605,4.5435
1761823987.031059,4.547
1761823987.036022,4.5492
1761823987.041043,4.5473
1761823987.04605,4.5422
1761823987.0510259,4.5392
1761823987.056045,4.5373
1761823987.061028,4.5343
1761823987.0660381,4.5324
1761823987.0710201,4.5351
1761823987.0760581,4.5381
1761823987.0810392,4.5415
1761823987.086025,4.5461
1761823987.091048,4.5492
1761823987.096048,4.5561
1761823987.101005,4.5629
1761823987.1069481,4.5588
1761823987.1119602,4.5555
1761823987.1169531,4.553
1761823987.1219509,4.5476
1761823987.1269581,4.5457
1761823987.131953,4.5417
1761823987.136968,4.5394
1761823987.14195,4.5385
1761823987.1469572,4.5413
1761823987.151968,4.546
1761823987.156971,4.5516
1761823987.1619682,4.5524
1761823987.166956,4.5498
1761823987.171951,4.5472
1761823987.176967,4.5462
1761823987.181956,4.5416
1761823987.18699,4.534
1761823987.191962,4.5239
1761823987.196961,4.5158
1761823987.201953,4.5095
1761823987.2069812,4.5049
1761823987.211998,4.4998
1761823987.216962,4.4955
1761823987.221982,4.4881
1761823987.2269828,4.4841
1761823987.231966,4.482
1761823987.236962,4.4856
1761823987.2420301,4.4862
1761823987.247044,4.4862
1761823987.251971,4.4886
1761823987.2569642,4.4922
1761823987.261976,4.4939
1761823987.2669718,4.4914
1761823987.271968,4.4864
1761823987.276976,4.4792
1761823987.281963,4.4754
1761823987.2869692,4.4682
1761823987.292008,4.4574
1761823987.2970161,4.4471
1761823987.302003,4.4472
1761823987.306987,4.4513
1761823987.3119879,4.4559
1761823987.3169851,4.4606
1761823987.321981,4.4635
1761823987.326999,4.4698
1761823987.332005,4.476
1761823987.3369741,4.4783
1761823987.342058,4.4755
1761823987.347017,4.4716
1761823987.351996,4.4696
1761823987.3570051,4.4675
1761823987.36201,4.4629
1761823987.367083,4.4582
1761823987.3720388,4.4539
1761823987.3770628,4.4471
1761823987.382027,4.4393
1761823987.3875809,4.4302
1761823987.3920588,4.4284
1761823987.397106,4.4281
1761823987.402056,4.4303
1761823987.407061,4.4305
1761823987.412022,4.4361
1761823987.417022,4.4386
1761823987.422016,4.442
1761823987.427125,4.4438
1761823987.4320729,4.4468
1761823987.437105,4.4548
1761823987.442081,4.458
1761823987.447061,4.4572
1761823987.452031,4.4542
1761823987.457067,4.4513
1761823987.462955,4.4528
1761823987.467942,4.4542
1761823987.472948,4.4556
1761823987.477958,4.4559
1761823987.482965,4.4551
1761823987.48796,4.4579
1761823987.492971,4.4594
1761823987.497969,4.4609
1761823987.5029671,4.463
1761823987.5079591,4.4631
1761823987.5129678,4.4618
1761823987.5179598,4.4625
1761823987.52299,4.4611
1761823987.5279841,4.4607
1761823987.532963,4.4616
1761823987.537971,4.4614
1761823987.542963,4.46
1761823987.54798,4.4626
1761823987.552979,4.4677
1761823987.5579782,4.4693
1761823987.562977,4.4653
1761823987.56797,4.4572
1761823987.572971,4.4463
1761823987.5779881,4.4383
1761823987.5829818,4.4305
1761823987.5879822,4.4239
1761823987.592969,4.4181
1761823987.597975,4.4137
1761823987.602994,4.4104
1761823987.607983,4.4081
1761823987.612991,4.4097
1761823987.6189618,4.4092
1761823987.623011,4.4074
1761823987.628053,4.4066
1761823987.633041,4.4075
1761823987.638035,4.4055
1761823987.643015,4.4022
1761823987.648074,4.3966
1761823987.653044,4.397
1761823987.6580632,4.3996
1761823987.663095,4.4055
1761823987.668084,4.4087
1761823987.673087,4.4101
1761823987.678088,4.411
1761823987.683059,4.4125
1761823987.6880598,4.4136
1761823987.693132,4.418
1761823987.698056,4.4234
1761823987.7030551,4.4275
1761823987.708085,4.4346
1761823987.713084,4.4428
1761823987.7180412,4.4521
1761823987.723092,4.4606
1761823987.728087,4.4664
1761823987.733105,4.4692
1761823987.73807,4.4713
1761823987.743087,4.4717
1761823987.7481458,4.4692
1761823987.753088,4.4653
1761823987.758077,4.4599
1761823987.763061,4.4517
1761823987.768085,4.4421
1761823987.77398,4.4346
1761823987.778978,4.4302
1761823987.783966,4.4252
1761823987.788971,4.4173
1761823987.794,4.4106
1761823987.798972,4.4045
1761823987.804034,4.3977
1761823987.808987,4.3891
1761823987.813992,4.3787
1761823987.81896,4.3727
1761823987.82399,4.3707
1761823987.828983,4.3743
1761823987.833984,4.3765
1761823987.8389819,4.3791
1761823987.8440099,4.3846
1761823987.8489852,4.3847
1761823987.853992,4.3831
1761823987.85903,4.383
1761823987.863991,4.3812
1761823987.868982,4.3803
1761823987.874091,4.3795
1761823987.8790069,4.3827
1761823987.8839822,4.392
1761823987.888984,4.3973
1761823987.894002,4.4025
1761823987.8989801,4.4081
1761823987.903999,4.4115
1761823987.9089909,4.4154
1761823987.913999,4.4198
1761823987.918999,4.4205
1761823987.924,4.4179
1761823987.9290009,4.4123
1761823987.9340181,4.404
1761823987.939038,4.3965
1761823987.944065,4.3971
1761823987.949043,4.3957
1761823987.9540281,4.3907
1761823987.959059,4.3849
1761823987.964066,4.3821
1761823987.9690099,4.3822
1761823987.9740539,4.3838
1761823987.979069,4.3868
1761823987.9840362,4.3927
1761823987.9890401,4.3983
1761823987.9940538,4.4012
1761823987.999052,4.4072
1761823988.004132,4.4106
1761823988.009057,4.4113
1761823988.014048,4.4104
1761823988.019048,4.4084
1761823988.024065,4.4078
1761823988.029053,4.408
1761823988.0340312,4.406
1761823988.0390139,4.4031
1761823988.044066,4.3993
1761823988.049116,4.3942
1761823988.054049,4.3905
1761823988.059069,4.3922
1761823988.0640671,4.3907
1761823988.0690508,4.3895
1761823988.0740669,4.3866
1761823988.079078,4.3841
1761823988.0840588,4.383
1761823988.0890188,4.3836
1761823988.094053,4.3824
1761823988.0999491,4.3816
1761823988.1049569,4.3774
1761823988.109967,4.369
1761823988.1149518,4.3578
1761823988.11998,4.3565
1761823988.1249568,4.3602
1761823988.1299899,4.3623
1761823988.134963,4.3692
1761823988.13998,4.3691
1761823988.144961,4.3639
1761823988.149983,4.3587
1761823988.154984,4.3522
1761823988.159987,4.3453
1761823988.164959,4.3392
1761823988.169975,4.3314
1761823988.174974,4.3238
1761823988.179994,4.3161
1761823988.184969,4.306
1761823988.1899898,4.2969
1761823988.194988,4.289
1761823988.199996,4.2842
1761823988.204988,4.28
1761823988.209992,4.2804
1761823988.214981,4.2835
1761823988.2199712,4.2816
1761823988.224996,4.2775
1761823988.230001,4.27
1761823988.2349818,4.2649
1761823988.240033,4.2633
1761823988.245014,4.2581
1761823988.24999,4.2532
1761823988.254996,4.2491
1761823988.260001,4.2465
1761823988.265003,4.2447
1761823988.2700732,4.2404
1761823988.2750878,4.2357
1761823988.28009,4.2279
1761823988.2850828,4.2231
1761823988.2900748,4.2238
1761823988.2950962,4.2296
1761823988.300075,4.2345
1761823988.305033,4.2411
1761823988.310095,4.2451
1761823988.315062,4.2494
1761823988.320097,4.2507
1761823988.325103,4.2499
1761823988.3300962,4.2519
1761823988.3352199,4.253
1761823988.34011,4.2563
1761823988.345102,4.2566
1761823988.3509812,4.2569
1761823988.355052,4.2599
1761823988.360207,4.255
1761823988.36508,4.2566
1761823988.370079,4.261
1761823988.375113,4.2704
1761823988.380099,4.2777
1761823988.385098,4.2853
1761823988.390112,4.2889
1761823988.395211,4.2925
1761823988.400061,4.2944
1761823988.405258,4.2968
1761823988.410099,4.2981
1761823988.415086,4.2998
1761823988.420086,4.3045
1761823988.425098,4.3108
1761823988.4300869,4.3199
1761823988.43508,4.3271
1761823988.440994,4.3373
1761823988.4459898,4.345
1761823988.450984,4.3485
1761823988.4559832,4.3488
1761823988.46098,4.3435
1761823988.4659579,4.3418
1761823988.470974,4.3403
1761823988.475989,4.3441
1761823988.481,4.3446
1761823988.485982,4.3427
1761823988.491009,4.3387
1761823988.495981,4.3344
1761823988.500982,4.3327
1761823988.5059881,4.3288
1761823988.511023,4.3297
1761823988.515983,4.3311
1761823988.520972,4.3289
1761823988.525983,4.3235
1761823988.5309849,4.3216
1761823988.535968,4.3197
1761823988.540997,4.3198
1761823988.5459998,4.3241
1761823988.550983,4.3292
1761823988.555982,4.3339
1761823988.5609899,4.3401
1761823988.56603,4.3413
1761823988.570985,4.3424
1761823988.575996,4.3397
1761823988.581003,4.3371
1761823988.586005,4.335
1761823988.590996,4.3295
1761823988.595989,4.321
1761823988.600986,4.3126
1761823988.6060102,4.3062
1761823988.610983,4.2997
1761823988.615979,4.2974
1761823988.6210911,4.2983
1761823988.6259892,4.3017
1761823988.631045,4.3019
1761823988.6360571,4.303
1761823988.641091,4.3032
1761823988.646092,4.3004
1761823988.651026,4.2967
1761823988.656136,4.2964
1761823988.661078,4.2925
1761823988.666244,4.2908
1761823988.671222,4.2962
1761823988.67607,4.2987
1761823988.6810932,4.3011
1761823988.6860359,4.3029
1761823988.6910489,4.305
1761823988.6960828,4.3061
1761823988.701012,4.3034
1761823988.706051,4.301
1761823988.7110488,4.3011
1761823988.716038,4.2998
1761823988.7210581,4.2997
1761823988.726055,4.3002
1761823988.731057,4.3034
1761823988.736029,4.3083
1761823988.7410738,4.316
1761823988.7460449,4.3205
1761823988.751041,4.3228
1761823988.756043,4.3229
1761823988.761086,4.323
1761823988.766044,4.3212
1761823988.771054,4.3221
1761823988.776178,4.3226
1761823988.781151,4.3224
1761823988.786078,4.3218
1761823988.791093,4.3167
1761823988.7960582,4.3128
1761823988.801971,4.3055
1761823988.806978,4.2975
1761823988.8119638,4.2936
1761823988.8169641,4.294
1761823988.821965,4.2943
1761823988.826972,4.2949
1761823988.8319712,4.2969
1761823988.8370209,4.2972
1761823988.841973,4.295
1761823988.846984,4.2957
1761823988.851969,4.2968
1761823988.8569942,4.2977
1761823988.861994,4.2997
1761823988.866982,4.3015
1761823988.872004,4.3029
1761823988.8769999,4.3026
1761823988.881996,4.2953
1761823988.886983,4.2879
1761823988.891992,4.2839
1761823988.896995,4.2802
1761823988.90199,4.2762
1761823988.907031,4.2736
1761823988.912022,4.269
1761823988.916987,4.2702
1761823988.922004,4.2727
1761823988.9270048,4.2727
1761823988.931999,4.2725
1761823988.937002,4.2694
1761823988.942004,4.2662
1761823988.9470289,4.2628
1761823988.9520152,4.2586
1761823988.95714,4.2547
1761823988.962104,4.252
1761823988.967082,4.2378
1761823988.972089,4.2267
1761823988.97713,4.2145
1761823988.982104,4.2066
1761823988.9870899,4.1981
1761823988.992092,4.1883
1761823988.9971101,4.1802
1761823989.0020869,4.1781
1761823989.007234,4.1798
1761823989.012086,4.1814
1761823989.0170949,4.1839
1761823989.022282,4.1874
1761823989.027194,4.1878
1761823989.032095,4.1847
1761823989.037075,4.1832
1761823989.042092,4.1771
1761823989.047085,4.1718
1761823989.052084,4.1698
1761823989.0570822,4.169
1761823989.0620642,4.1671
1761823989.067067,4.1671
1761823989.072051,4.1636
1761823989.077076,4.162
1761823989.082079,4.1605
1761823989.088005,4.1612
1761823989.0920691,4.1605
1761823989.097085,4.1629
1761823989.1020539,4.1641
1761823989.10707,4.1626
1761823989.112064,4.1627
1761823989.117074,4.1613
1761823989.122066,4.1617
1761823989.127088,4.1653
1761823989.13296,4.1687
1761823989.137975,4.1738
1761823989.1429691,4.1756
1761823989.1479769,4.1779
1761823989.152978,4.1798
1761823989.158002,4.1835
1761823989.16298,4.1834
1761823989.167988,4.181
1761823989.173086,4.1782
1761823989.177997,4.1743
1761823989.182982,4.1698
1761823989.18799,4.1661
1761823989.193001,4.1636
1761823989.1979961,4.1629
1761823989.202997,4.1624
1761823989.20801,4.1625
1761823989.212995,4.1628
1761823989.217995,4.1638
1761823989.2230349,4.1633
1761823989.228043,4.1623
1761823989.2329972,4.1593
1761823989.2382069,4.1512
1761823989.2430332,4.1441
1761823989.2480159,4.1433
1761823989.253001,4.1432
1761823989.2581172,4.1425
1761823989.263006,4.1396
1761823989.267997,4.1405
1761823989.273024,4.1407
1761823989.278063,4.1385
1761823989.283013,4.1316
1761823989.288001,4.1294
1761823989.293109,4.1235
1761823989.298062,4.1226
1761823989.303039,4.1203
1761823989.3080761,4.1188
1761823989.3130639,4.1199
1761823989.318049,4.1285
1761823989.323074,4.1333
1761823989.328075,4.1368
1761823989.333075,4.1394
1761823989.3380659,4.1407
1761823989.3430772,4.1461
1761823989.34818,4.1481
1761823989.353079,4.1483
1761823989.358101,4.1496
1761823989.363088,4.1521
1761823989.368064,4.1512
1761823989.3731241,4.1521
1761823989.378111,4.1518
1761823989.383082,4.1489
1761823989.3880808,4.1464
1761823989.393106,4.1428
1761823989.398103,4.1346
1761823989.403169,4.1242
1761823989.408125,4.1181
1761823989.4130921,4.1185
1761823989.4180741,4.1209
1761823989.424118,4.1228
1761823989.428127,4.1238
1761823989.43312,4.123
1761823989.438164,4.1218
1761823989.4440079,4.1186
1761823989.448983,4.1116
1761823989.4540339,4.1021
1761823989.4589949,4.0927
1761823989.4640021,4.0875
1761823989.4690409,4.0874
1761823989.474043,4.0879
1761823989.479018,4.0879
1761823989.484002,4.0876
1761823989.489016,4.0879
1761823989.494081,4.0879
1761823989.4990258,4.0866
1761823989.503999,4.0884
1761823989.508993,4.091
1761823989.513988,4.0923
1761823989.519011,4.0936
1761823989.524014,4.0921
1761823989.529012,4.0897
1761823989.53399,4.0887
1761823989.539052,4.0867
1761823989.5440168,4.0851
1761823989.548991,4.0904
1761823989.554013,4.0971
1761823989.55902,4.1046
1761823989.56402,4.1096
1761823989.569011,4.1111
1761823989.574013,4.1148
1761823989.579015,4.1165
1761823989.584019,4.1162
1761823989.5890088,4.1148
1761823989.594013,4.1152
1761823989.599051,4.1124
1761823989.6041028,4.1101
1761823989.609022,4.1093
1761823989.614054,4.111
1761823989.619074,4.1122
1761823989.624086,4.1122
1761823989.6290932,4.1112
1761823989.634059,4.1089
1761823989.6390789,4.1105
1761823989.644077,4.1134
1761823989.649049,4.1125
1761823989.654057,4.1137
1761823989.659134,4.1176
1761823989.664077,4.1191
1761823989.669069,4.1218
1761823989.674068,4.1264
1761823989.679069,4.131
1761823989.684086,4.133
1761823989.689087,4.1348
1761823989.69408,4.1351
1761823989.69909,4.1393
1761823989.704064,4.1364
1761823989.7091,4.1344
1761823989.714077,4.1357
1761823989.7190862,4.1361
1761823989.724075,4.1357
1761823989.72909,4.1319
1761823989.734091,4.1261
1761823989.7390862,4.12
1761823989.744077,4.1183
1761823989.749089,4.121
1761823989.7540538,4.1249
1761823989.759087,4.1307
1761823989.764062,4.1328
1761823989.770022,4.1368
1761823989.77499,4.1416
1761823989.779996,4.1451
1761823989.7849758,4.1476
1761823989.789995,4.1524
1761823989.794982,4.1576
1761823989.799998,4.1633
1761823989.8050041,4.1664
1761823989.809983,4.1677
1761823989.8150022,4.1737
1761823989.81999,4.1795
1761823989.8250082,4.1837
1761823989.8299918,4.1888
1761823989.834993,4.1939
1761823989.8399959,4.1924
1761823989.844998,4.1922
1761823989.850018,4.1922
1761823989.854987,4.1925
1761823989.8600051,4.1914
1761823989.865,4.1941
1761823989.8699992,4.1985
1761823989.875005,4.2068
1761823989.880023,4.2151
1761823989.885021,4.2237
1761823989.89005,4.2309
1761823989.8950222,4.2355
1761823989.900011,4.242
1761823989.904999,4.2453
1761823989.9100318,4.2457
1761823989.915027,4.2469
1761823989.920017,4.2498
1761823989.925026,4.2503
1761823989.9300108,4.2533
1761823989.935067,4.2598
1761823989.940075,4.2676
1761823989.945123,4.2743
1761823989.95009,4.2815
1761823989.955081,4.2887
1761823989.9600909,4.2966
1761823989.965086,4.3013
1761823989.9700758,4.3021
1761823989.975083,4.3039
1761823989.980104,4.3093
1761823989.9850922,4.3145
1761823989.990091,4.3185
1761823989.995103,4.3239
1761823990.000118,4.3263
1761823990.0050712,4.3294
1761823990.010096,4.3328
1761823990.0150669,4.3326
1761823990.020113,4.3313
1761823990.02511,4.3316
1761823990.030109,4.3283
1761823990.03513,4.3231
1761823990.040131,4.3203
1761823990.0451121,4.3191
1761823990.050117,4.3188
1761823990.055084,4.3215
1761823990.060093,4.3254
1761823990.065106,4.3259
1761823990.070098,4.3283
1761823990.075105,4.3357
1761823990.080102,4.3368
1761823990.086022,4.3373
1761823990.090994,4.3353
1761823990.0960078,4.335
1761823990.1009889,4.3343
1761823990.106026,4.3342
1761823990.1110232,4.3332
1761823990.116021,4.3327
1761823990.120995,4.329
1761823990.126018,4.3242
1761823990.131001,4.3216
1761823990.136003,4.3223
1761823990.141037,4.327
1761823990.1460102,4.3343
1761823990.151065,4.3418
1761823990.156013,4.3456
1761823990.16106,4.3441
1761823990.1660318,4.3476
1761823990.171097,4.3449
1761823990.176051,4.3404
1761823990.1810088,4.3364
1761823990.1860049,4.329
1761823990.19104,4.3213
1761823990.196031,4.3164
1761823990.201018,4.313
1761823990.20601,4.3104
1761823990.211054,4.3096
1761823990.2160242,4.3084
1761823990.221028,4.3071
1761823990.226034,4.3064
1761823990.231039,4.304
1761823990.236028,4.3013
1761823990.241533,4.2987
1761823990.246109,4.3003
1761823990.251086,4.3039
1761823990.256094,4.3069
1761823990.26111,4.3081
1761823990.266083,4.3086
1761823990.271096,4.3071
1761823990.276232,4.3053
1761823990.281106,4.3043
1761823990.2860758,4.3046
1761823990.291096,4.3043
1761823990.296074,4.3003
1761823990.3010938,4.298
1761823990.30611,4.2963
1761823990.311088,4.2918
1761823990.3160908,4.2896
1761823990.3210938,4.2881
1761823990.326078,4.2872
1761823990.3310988,4.2874
1761823990.336084,4.2851
1761823990.341095,4.2825
1761823990.346099,4.2798
1761823990.35108,4.2773
1761823990.356071,4.2758
1761823990.361094,4.276
1761823990.366091,4.2771
1761823990.371094,4.2756
1761823990.376142,4.2757
1761823990.381082,4.2743
1761823990.387,4.2729
1761823990.392237,4.2708
1761823990.396985,4.2682
1761823990.401987,4.2653
1761823990.406982,4.2661
1761823990.411985,4.2695
1761823990.416992,4.2726
1761823990.422004,4.2764
1761823990.427008,4.2793
1761823990.431998,4.2795
1761823990.437008,4.2813
1761823990.442009,4.2812
1761823990.4470022,4.2808
1761823990.4520068,4.2796
1761823990.4570081,4.2771
1761823990.4620118,4.2742
1761823990.467015,4.2751
1761823990.472012,4.2781
1761823990.477029,4.2793
1761823990.482038,4.2849
1761823990.487019,4.2869
1761823990.492011,4.2875
1761823990.497014,4.2864
1761823990.502007,4.2852
1761823990.507019,4.2784
1761823990.512019,4.2725
1761823990.517018,4.2656
1761823990.5220292,4.2575
1761823990.527015,4.2514
1761823990.5320508,4.2462
1761823990.5370271,4.2377
1761823990.542104,4.2299
1761823990.54708,4.2281
1761823990.5530229,4.2272
1761823990.5571132,4.2316
1761823990.5621219,4.2378
1761823990.5671139,4.2452
1761823990.572088,4.2502
1761823990.577122,4.2554
1761823990.582099,4.2527
1761823990.5870998,4.251
1761823990.592122,4.2518
1761823990.597138,4.2518
1761823990.602113,4.2503
1761823990.607115,4.247
1761823990.612131,4.245
1761823990.617116,4.245
1761823990.6224582,4.2409
1761823990.627129,4.2341
1761823990.632108,4.2261
1761823990.63713,4.2162
1761823990.642127,4.2045
1761823990.6471732,4.1962
1761823990.652124,4.1884
1761823990.65713,4.1832
1761823990.6621282,4.183
1761823990.66713,4.1796
1761823990.672124,4.1797
1761823990.677171,4.1794
1761823990.682144,4.1806
1761823990.687097,4.1841
1761823990.693011,4.1895
1761823990.69799,4.1967
1761823990.703007,4.2055
1761823990.708004,4.2134
1761823990.7129889,4.2148
1761823990.7179992,4.2173
1761823990.7230039,4.2154
1761823990.728039,4.213
1761823990.7329988,4.2094
1761823990.737995,4.2085
1761823990.743022,4.2088
1761823990.74801,4.2095
1761823990.753026,4.2071
1761823990.75807,4.2054
1761823990.763072,4.2045
1761823990.768438,4.2055
1761823990.773052,4.2074
1761823990.7781062,4.2107
1761823990.783042,4.2113
1761823990.7881038,4.2109
1761823990.79302,4.2099
1761823990.798121,4.2091
1761823990.803092,4.2098
1761823990.80812,4.2106
1761823990.813044,4.2087
1761823990.818103,4.2066
1761823990.823099,4.2049
1761823990.828139,4.2083
1761823990.8361769,4.2131
1761823990.8381178,4.2159
1761823990.843317,4.2185
1761823990.848116,4.2244
1761823990.853112,4.2271
1761823990.8581219,4.2264
1761823990.8631198,4.2249
1761823990.868054,4.2256
1761823990.873131,4.2276
1761823990.878106,4.226
1761823990.883092,4.2247
1761823990.888103,4.2258
1761823990.893085,4.2181
1761823990.898101,4.2151
1761823990.903122,4.216
1761823990.908106,4.2156
1761823990.913113,4.2129
1761823990.918113,4.2085
1761823990.923712,4.2035
1761823990.9281201,4.2041
1761823990.9331431,4.2057
1761823990.9381151,4.2085
1761823990.943192,4.211
1761823990.948111,4.2117
1761823990.953114,4.2092
1761823990.958142,4.2047
1761823990.963126,4.1972
1761823990.968075,4.1907
1761823990.9738472,4.1869
1761823990.978105,4.1831
1761823990.983095,4.1799
1761823990.988079,4.1778
1761823990.9931,4.1716
1761823990.998101,4.1667
1761823991.0030851,4.1625
1761823991.0081012,4.159
1761823991.013113,4.1584
1761823991.0180979,4.1569
1761823991.023103,4.1574
1761823991.028097,4.1589
1761823991.034061,4.1596
1761823991.039021,4.1576
1761823991.0440562,4.1588
1761823991.049032,4.1606
1761823991.054006,4.1603
1761823991.05903,4.1567
1761823991.064037,4.1523
1761823991.069015,4.1483
1761823991.074039,4.145
1761823991.0790122,4.1455
1761823991.084007,4.147
1761823991.088991,4.1459
1761823991.0940108,4.1435
1761823991.098998,4.1426
1761823991.104029,4.1396
1761823991.109021,4.1371
1761823991.1140008,4.1332
1761823991.1190221,4.13
1761823991.124022,4.1274
1761823991.129024,4.1263
1761823991.1340191,4.1246
1761823991.1390011,4.1216
1761823991.144017,4.1142
1761823991.1490052,4.1045
1761823991.15408,4.0932
1761823991.159078,4.0818
1761823991.1640399,4.0717
1761823991.1690361,4.0659
1761823991.174022,4.0618
1761823991.1790268,4.0598
1761823991.184096,4.0588
1761823991.189147,4.0602
1761823991.194197,4.0632
1761823991.199061,4.0649
1761823991.204038,4.0673
1761823991.20912,4.0694
1761823991.214066,4.0725
1761823991.2190819,4.073
1761823991.22419,4.0722
1761823991.229171,4.0709
1761823991.234116,4.0699
1761823991.239145,4.0652
1761823991.2442088,4.0621
1761823991.249177,4.0587
1761823991.2541928,4.0551
1761823991.25917,4.0529
1761823991.2641358,4.0509
1761823991.269109,4.0483
1761823991.2741172,4.0465
1761823991.279161,4.044
1761823991.284106,4.0444
1761823991.2890701,4.0438
1761823991.294199,4.0393
1761823991.299094,4.037
1761823991.3040571,4.0358
1761823991.309097,4.0361
1761823991.31409,4.0371
1761823991.319175,4.0434
1761823991.324119,4.0454
1761823991.329097,4.051
1761823991.334121,4.047
1761823991.339087,4.0419
1761823991.344235,4.037
1761823991.349063,4.0323
1761823991.354075,4.0297
1761823991.359141,4.0286
1761823991.3641322,4.0267
1761823991.369071,4.0225
1761823991.3740852,4.0194
1761823991.3791308,4.0184
1761823991.384143,4.0175
1761823991.389166,4.0183
1761823991.394155,4.0177
1761823991.4000099,4.0171
1761823991.405013,4.0167
1761823991.409991,4.0176
1761823991.4150069,4.0184
1761823991.420049,4.019
1761823991.425013,4.018
1761823991.430041,4.0138
1761823991.4350002,4.0097
1761823991.440066,4.0019
1761823991.445081,3.994
1761823991.450073,3.9877
1761823991.4550002,3.9838
1761823991.460008,3.9825
1761823991.465012,3.9813
1761823991.4700139,3.9788
1761823991.475125,3.9766
1761823991.4800289,3.9753
1761823991.485087,3.9719
1761823991.490081,3.9717
1761823991.4950988,3.9733
1761823991.500048,3.9756
1761823991.505034,3.9786
1761823991.510047,3.978
1761823991.5150778,3.9791
1761823991.520055,3.9782
1761823991.5250711,3.9788
1761823991.530095,3.9778
1761823991.535018,3.9788
1761823991.540097,3.9811
1761823991.545044,3.9851
1761823991.550024,3.9871
1761823991.555019,3.9895
1761823991.560401,3.9946
1761823991.565035,3.9967
1761823991.570024,3.996
1761823991.57507,3.9964
1761823991.580161,3.9984
1761823991.585174,3.9965
1761823991.590101,3.9954
1761823991.5951622,3.9948
1761823991.600076,3.995
1761823991.605091,3.9966
1761823991.610183,3.9995
1761823991.619437,4.0012
1761823991.620141,4.0015
1761823991.625213,4.0033
1761823991.630133,4.0035
1761823991.6351302,3.9996
1761823991.6401,3.9946
1761823991.645175,3.9891
1761823991.6501582,3.9853
1761823991.6550798,3.984
1761823991.660091,3.9793
1761823991.665132,3.9732
1761823991.670121,3.968
1761823991.6751208,3.96
1761823991.6801212,3.9546
1761823991.685106,3.9553
1761823991.690114,3.959
1761823991.695104,3.9656
1761823991.700059,3.9716
1761823991.705041,3.9735
1761823991.710124,3.9766
1761823991.7150662,3.9796
1761823991.720054,3.9846
1761823991.725077,3.987
1761823991.730099,3.9888
1761823991.735056,3.987
1761823991.740052,3.9826
1761823991.745111,3.9793
1761823991.7501,3.9828
1761823991.756014,3.988
1761823991.76102,3.995
1761823991.7659972,3.9987
1761823991.770994,4.0005
1761823991.776018,4.0023
1761823991.781023,4.0055
1761823991.786005,4.0089
1761823991.7910342,4.0138
1761823991.796017,4.0197
1761823991.80103,4.0212
1761823991.8060591,4.0244
1761823991.811064,4.025
1761823991.816017,4.023
1761823991.821024,4.0213
1761823991.826029,4.02
1761823991.831197,4.0177
1761823991.836127,4.0132
1761823991.8411362,4.0083
1761823991.8461409,4.0052
1761823991.85108,4.0076
1761823991.856179,4.0132
1761823991.861142,4.0162
1761823991.866143,4.0172
1761823991.871095,4.0188
1761823991.87606,4.0185
1761823991.881147,4.0166
1761823991.886078,4.0161
1761823991.891062,4.011
1761823991.896054,4.0055
1761823991.901046,4.0057
1761823991.906055,4.0104
1761823991.911082,4.0138
1761823991.916123,4.0177
1761823991.92113,4.0203
1761823991.926097,4.0198
1761823991.9311008,4.0175
1761823991.93607,4.0116
1761823991.941084,4.0036
1761823991.946101,3.9945
1761823991.951076,3.9809
1761823991.956162,3.9652
1761823991.961111,3.9496
1761823991.966113,3.9352
1761823991.971117,3.9191
1761823991.976115,3.9125
1761823991.98111,3.9078
1761823991.986113,3.9055
1761823991.991123,3.908
1761823991.996129,3.9113
1761823992.0011241,3.9173
1761823992.0061781,3.9255
1761823992.01113,3.9319
1761823992.016109,3.9389
1761823992.022048,3.9427
1761823992.026122,3.9411
1761823992.031105,3.9413
1761823992.0360692,3.9421
1761823992.0411,3.9402
1761823992.04611,3.9393
1761823992.0511072,3.9349
1761823992.056094,3.9292
1761823992.061114,3.9299
1761823992.0660942,3.9349
1761823992.071115,3.9415
1761823992.077013,3.9491
1761823992.082022,3.9547
1761823992.087008,3.9556
1761823992.092024,3.9625
1761823992.097024,3.9693
1761823992.10203,3.9736
1761823992.107035,3.9786
1761823992.112036,3.978
1761823992.117051,3.9772
1761823992.122009,3.979
1761823992.12701,3.9772
1761823992.132014,3.9737
1761823992.137024,3.9749
1761823992.142036,3.9781
1761823992.147029,3.9793
1761823992.1520362,3.9834
1761823992.157109,3.9873
1761823992.162029,3.9902
1761823992.167021,3.9921
1761823992.1720178,3.9928
1761823992.177043,3.9915
1761823992.1820438,3.9899
1761823992.187038,3.9893
1761823992.19205,3.9896
1761823992.1970508,3.9835
1761823992.2020469,3.9791
1761823992.2070742,3.9769
1761823992.21204,3.979
1761823992.2170749,3.9815
1761823992.22209,3.9822
1761823992.2270799,3.9832
1761823992.23207,3.9843
1761823992.2371578,3.9797
1761823992.242128,3.9733
1761823992.247108,3.9711
1761823992.252116,3.9669
1761823992.257309,3.9653
1761823992.262136,3.9656
1761823992.267112,3.9665
1761823992.272127,3.9673
1761823992.277481,3.9694
1761823992.2821162,3.9725
1761823992.2871192,3.9741
1761823992.292115,3.981
1761823992.2971148,3.9896
1761823992.3021371,4.0004
1761823992.307126,4.0116
1761823992.3121521,4.0222
1761823992.317116,4.0294
1761823992.32212,4.0357
1761823992.327138,4.036
1761823992.3321128,4.0342
1761823992.337111,4.0308
1761823992.34212,4.0273
1761823992.347167,4.026
1761823992.352118,4.022
1761823992.35714,4.0216
1761823992.362135,4.0248
1761823992.3671281,4.0289
1761823992.372127,4.0367
1761823992.3771598,4.0444
1761823992.3821492,4.0502
1761823992.3871439,4.0499
1761823992.394169,4.0535
1761823992.397207,4.0552
1761823992.4021702,4.0545
1761823992.4071648,4.0556
1761823992.412147,4.0566
1761823992.418077,4.0544
1761823992.4230778,4.0534
1761823992.428111,4.0526
1761823992.433078,4.0489
1761823992.438097,4.0445
1761823992.443053,4.0414
1761823992.448055,4.0376
1761823992.4531891,4.0322
1761823992.458102,4.0278
1761823992.463155,4.0215
1761823992.4680781,4.014
1761823992.473228,4.0068
1761823992.4780958,4.0007
1761823992.483121,3.997
1761823992.488111,3.9966
1761823992.493061,4.0032
1761823992.4980469,4.0101
1761823992.50302,4.0182
1761823992.508058,4.0207
1761823992.51306,4.0166
1761823992.518086,4.0142
1761823992.523077,4.0111
1761823992.528088,4.0087
1761823992.5330582,4.0053
1761823992.538031,4.0029
1761823992.543046,4.0036
1761823992.5480509,4.0064
1761823992.553062,4.0097
1761823992.558103,4.0091
1761823992.563061,4.0091
1761823992.568062,4.0102
1761823992.573065,4.0136
1761823992.5780811,4.0135
1761823992.583044,4.0149
1761823992.58805,4.0161
1761823992.593051,4.0168
1761823992.598048,4.0179
1761823992.603154,4.0186
1761823992.608046,4.0191
1761823992.613068,4.0186
1761823992.618054,4.0197
1761823992.6230688,4.0216
1761823992.628065,4.0239
1761823992.63311,4.0283
1761823992.638103,4.0317
1761823992.643112,4.0363
1761823992.648112,4.0421
1761823992.6531022,4.0439
1761823992.658109,4.042
1761823992.663111,4.0395
1761823992.6681018,4.0351
1761823992.673114,4.0371
1761823992.678132,4.0485
1761823992.683111,4.062
1761823992.688124,4.0734
1761823992.693113,4.0867
1761823992.698128,4.0939
1761823992.7031171,4.0926
1761823992.7081249,4.0907
1761823992.71312,4.0888
1761823992.718112,4.0873
1761823992.723115,4.0854
1761823992.728132,4.0849
1761823992.733163,4.0783
1761823992.738112,4.0731
1761823992.7431302,4.0711
1761823992.748118,4.0698
1761823992.754039,4.0693
1761823992.7581198,4.0706
1761823992.7631218,4.0728
1761823992.768119,4.0749
1761823992.773126,4.0747
1761823992.778142,4.0752
1761823992.783126,4.082
1761823992.788125,4.0864
1761823992.793119,4.0898
1761823992.798131,4.0856
1761823992.804085,4.0811
1761823992.809027,4.0772
1761823992.81404,4.0753
1761823992.81906,4.0778
1761823992.824067,4.0799
1761823992.829025,4.082
1761823992.8340428,4.0846
1761823992.839038,4.0853
1761823992.844057,4.09
1761823992.8490398,4.0957
1761823992.8540401,4.1009
1761823992.8590488,4.1048
1761823992.864053,4.1094
1761823992.86905,4.1097
1761823992.874036,4.1148
1761823992.879045,4.1198
1761823992.8840792,4.122
1761823992.8890839,4.1167
1761823992.894082,4.1116
1761823992.899043,4.1042
1761823992.904114,4.0989
1761823992.90906,4.0949
1761823992.9140532,4.0938
1761823992.919064,4.0931
1761823992.9240892,4.0944
1761823992.9290829,4.0943
1761823992.934046,4.0937
1761823992.939072,4.0933
1761823992.94619,4.0925
1761823992.949089,4.0915
1761823992.9540758,4.0923
1761823992.9590359,4.0944
1761823992.964045,4.0984
1761823992.969059,4.1047
1761823992.974101,4.1055
1761823992.979081,4.1053
1761823992.9840791,4.1074
1761823992.989066,4.11
1761823992.994108,4.1137
1761823992.999147,4.1186
1761823993.0042481,4.119
1761823993.0091252,4.1198
1761823993.014123,4.1218
1761823993.0191228,4.123
1761823993.024127,4.1264
1761823993.029119,4.1298
1761823993.034123,4.1331
1761823993.039123,4.1364
1761823993.0441248,4.1364
1761823993.049113,4.1325
1761823993.0541608,4.1281
1761823993.059126,4.1216
1761823993.0641222,4.1165
1761823993.0691772,4.1143
